Plate,Date,Days.PostExposure,Sample.Round,Sample,Treatment,Food,Average,Feeding.Rate,Binary.Infection.Status,Infection.Status
8,7/2/24,3,1,CH1,Control,High,29.75,-0.200968381,NA,Control
8,7/2/24,3,1,CH10,Control,High,25.125,-0.060163576,NA,Control
8,7/2/24,3,1,CH12,Control,High,11.75,0.573178195,NA,Control
8,7/2/24,3,1,CH13,Control,High,9.625,0.739419329,NA,Control
6,7/2/24,3,1,CH14,Control,High,10.25,0.958424012,NA,Control
9,7/2/24,3,1,CH15,Control,High,14.125,0.620735712,NA,Control
9,7/2/24,3,1,CH16,Control,High,22.125,0.246767451,NA,Control
9,7/2/24,3,1,CH17,Control,High,18.875,0.379159031,NA,Control
9,7/2/24,3,1,CH18,Control,High,16.5,0.491223959,NA,Control
6,7/2/24,3,1,CH19,Control,High,17.875,0.494986193,NA,Control
6,7/2/24,3,1,CH20,Control,High,14.5,0.669364892,NA,Control
7,7/2/24,3,1,CH21,Control,High,18.375,0.200563358,NA,Control
9,7/2/24,3,1,CH22,Control,High,13.25,0.674026316,NA,Control
13,7/2/24,3,1,CH24,Control,High,12.125,0.623582501,NA,Control
13,7/2/24,3,1,CH25,Control,High,18.75,0.260312238,NA,Control
13,7/2/24,3,1,CH26,Control,High,20.75,0.175851826,NA,Control
13,7/2/24,3,1,CH27,Control,High,14.5,0.47451649,NA,Control
13,7/2/24,3,1,CH28,Control,High,13.75,0.518774678,NA,Control
7,7/2/24,3,1,CH29,Control,High,19.5,0.151043841,NA,Control
14,7/2/24,3,1,CH30,Control,High,13.375,0.521240443,NA,Control
14,7/2/24,3,1,CH31,Control,High,10.875,0.693674373,NA,Control
14,7/2/24,3,1,CH32,Control,High,7.875,0.9626522,NA,Control
14,7/2/24,3,1,CH33,Control,High,9.875,0.774057928,NA,Control
14,7/2/24,3,1,CH36,Control,High,10.25,0.742998433,NA,Control
20,7/2/24,3,1,CH37,Control,High,10.75,0.872425762,NA,Control
7,7/2/24,3,1,CH40,Control,High,22.5,0.031793138,NA,Control
20,7/2/24,3,1,CH42,Control,High,19.25,0.38692134,NA,Control
20,7/2/24,3,1,CH43,Control,High,15.875,0.54755927,NA,Control
20,7/2/24,3,1,CH44,Control,High,21.75,0.285169093,NA,Control
20,7/2/24,3,1,CH45,Control,High,13.875,0.659773341,NA,Control
19,7/2/24,3,1,CH46,Control,High,31.25,0.082449957,NA,Control
19,7/2/24,3,1,CH48,Control,High,22.625,0.351586529,NA,Control
7,7/2/24,3,1,CH49,Control,High,21.875,0.055268869,NA,Control
6,7/2/24,3,1,CH5,Control,High,10.375,0.948322878,NA,Control
19,7/2/24,3,1,CH50,Control,High,14.125,0.744177539,NA,Control
7,7/2/24,3,1,CH59,Control,High,10.375,0.676890008,NA,Control
8,7/2/24,3,1,CH6,Control,High,14,0.427174788,NA,Control
6,7/2/24,3,1,CH9,Control,High,26.25,0.174767109,NA,Control
4,7/2/24,3,1,CL1,Control,Low,2,0.404589846,NA,Control
11,7/2/24,3,1,CL10,Control,Low,1,1.04396914,NA,Control
1,7/2/24,3,1,CL11,Control,Low,1.125,0.306437317,NA,Control
11,7/2/24,3,1,CL12,Control,Low,1.125,0.945816611,NA,Control
11,7/2/24,3,1,CL15,Control,Low,0.875,1.155245301,NA,Control
11,7/2/24,3,1,CL16,Control,Low,2.25,0.36819396,NA,Control
11,7/2/24,3,1,CL17,Control,Low,1.625,0.639379294,NA,Control
1,7/2/24,3,1,CL18,Control,Low,0.375,1.221947557,NA,Control
1,7/2/24,3,1,CL2,Control,Low,1,0.404589846,NA,Control
12,7/2/24,3,1,CL20,Control,Low,1.625,0.639379294,NA,Control
1,7/2/24,3,1,CL21,Control,Low,-0.75,NA,NA,Control
12,7/2/24,3,1,CL22,Control,Low,0.5,1.621591791,NA,Control
12,7/2/24,3,1,CL24,Control,Low,1.375,0.778591031,NA,Control
12,7/2/24,3,1,CL25,Control,Low,-0.375,NA,NA,Control
15,7/2/24,3,1,CL28,Control,Low,1.625,0.438410913,NA,Control
12,7/2/24,3,1,CL29,Control,Low,3.625,-0.029242767,NA,Control
4,7/2/24,3,1,CL3,Control,Low,0.875,1.093488657,NA,Control
2,7/2/24,3,1,CL30,Control,Low,1.5,0,NA,Control
2,7/2/24,3,1,CL31,Control,Low,0.5,0.915510241,NA,Control
15,7/2/24,3,1,CL32,Control,Low,1.375,0.57762265,NA,Control
15,7/2/24,3,1,CL33,Control,Low,3,-0.072509481,NA,Control
16,7/2/24,3,1,CL34,Control,Low,0.375,1.697401606,NA,Control
16,7/2/24,3,1,CL35,Control,Low,1.625,0.475454049,NA,Control
2,7/2/24,3,1,CL36,Control,Low,1.625,-0.066702256,NA,Control
16,7/2/24,3,1,CL37,Control,Low,2.75,0.037043135,NA,Control
4,7/2/24,3,1,CL4,Control,Low,1.125,0.884059967,NA,Control
2,7/2/24,3,1,CL40,Control,Low,2.625,-0.46634649,NA,Control
15,7/2/24,3,1,CL41,Control,Low,1.625,0.438410913,NA,Control
15,7/2/24,3,1,CL42,Control,Low,1.375,0.57762265,NA,Control
16,7/2/24,3,1,CL43,Control,Low,2.875,0,NA,Control
2,7/2/24,3,1,CL44,Control,Low,1.5,0,NA,Control
15,7/2/24,3,1,CL47,Control,Low,1.625,0.438410913,NA,Control
16,7/2/24,3,1,CL48,Control,Low,3,-0.035466345,NA,Control
16,7/2/24,3,1,CL49,Control,Low,1.75,0.413697405,NA,Control
18,7/2/24,3,1,CL50,Control,Low,5.25,-1.773526422,NA,Control
4,7/2/24,3,1,CL6,Control,Low,2.125,0.354069328,NA,Control
1,7/2/24,3,1,CL8,Control,Low,1.375,0.139211737,NA,Control
4,7/2/24,3,1,CL9,Control,Low,0.625,1.373882188,NA,Control
3,7/2/24,3,1,CM1,Control,Medium,4.5,0.16722558,NA,Control
10,7/2/24,3,1,CM10,Control,Medium,1.25,-0.185952959,NA,Control
3,7/2/24,3,1,CM11,Control,Medium,3.875,0.291835358,NA,Control
17,7/2/24,3,1,CM12,Control,Medium,1.625,0.639379294,NA,Control
17,7/2/24,3,1,CM13,Control,Medium,3.125,0.094440571,NA,Control
17,7/2/24,3,1,CM14,Control,Medium,3.625,-0.029242767,NA,Control
17,7/2/24,3,1,CM17,Control,Medium,1.875,0.520128591,NA,Control
17,7/2/24,3,1,CM18,Control,Medium,1,1.04396914,NA,Control
18,7/2/24,3,1,CM19,Control,Medium,3,0.542156305,NA,Control
10,7/2/24,3,1,CM2,Control,Medium,0,NA,NA,Control
5,7/2/24,3,1,CM20,Control,Medium,2.5,0.391669691,NA,Control
21,7/2/24,3,1,CM21,Control,Medium,1,0.67577518,NA,Control
22,7/2/24,3,1,CM22,Control,Medium,1.625,0.609072924,NA,Control
22,7/2/24,3,1,CM24,Control,Medium,2.75,0.170662011,NA,Control
3,7/2/24,3,1,CM25,Control,Medium,1.875,0.896782861,NA,Control
22,7/2/24,3,1,CM28,Control,Medium,3.625,-0.059549137,NA,Control
18,7/2/24,3,1,CM29,Control,Medium,3.75,0.356203346,NA,Control
3,7/2/24,3,1,CM3,Control,Medium,5.5,0,NA,Control
18,7/2/24,3,1,CM34,Control,Medium,2.375,0.736835348,NA,Control
21,7/2/24,3,1,CM35,Control,Medium,0.75,0.915510241,NA,Control
5,7/2/24,3,1,CM36,Control,Medium,2.5,0.391669691,NA,Control
22,7/2/24,3,1,CM37,Control,Medium,1.5,0.67577518,NA,Control
5,7/2/24,3,1,CM38,Control,Medium,0.5,1.732867951,NA,Control
22,7/2/24,3,1,CM39,Control,Medium,3.25,0.031450273,NA,Control
5,7/2/24,3,1,CM40,Control,Medium,1,1.155245301,NA,Control
22,7/2/24,3,1,CM42,Control,Medium,2,0.43604012,NA,Control
22,7/2/24,3,1,CM43,Control,Medium,1.75,0.54731628,NA,Control
18,7/2/24,3,1,CM44,Control,Medium,1.875,0.933825996,NA,Control
18,7/2/24,3,1,CM45,Control,Medium,2.875,0.57762265,NA,Control
21,7/2/24,3,1,CM47,Control,Medium,1.125,0.57762265,NA,Control
5,7/2/24,3,1,CM48,Control,Medium,0.375,1.972603012,NA,Control
10,7/2/24,3,1,CM5,Control,Medium,0.375,0.817357711,NA,Control
22,7/2/24,3,1,CM50,Control,Medium,0.875,1.124938931,NA,Control
10,7/2/24,3,1,CM6,Control,Medium,0.5,0.57762265,NA,Control
10,7/2/24,3,1,CM7,Control,Medium,-0.125,NA,NA,Control
6,7/2/24,3,1,MH1,MicG,High,12.625,0.784756287,1,Infected
9,7/2/24,3,1,MH10,MicG,High,17.25,0.454180824,1,Infected
9,7/2/24,3,1,MH11,MicG,High,16.75,0.478692395,1,Infected
9,7/2/24,3,1,MH12,MicG,High,20.5,0.310336872,1,Infected
9,7/2/24,3,1,MH13,MicG,High,13.125,0.68192527,1,Infected
9,7/2/24,3,1,MH14,MicG,High,13.5,0.658449539,1,Infected
6,7/2/24,3,1,MH15,MicG,High,13.125,0.75238976,1,Infected
13,7/2/24,3,1,MH16,MicG,High,16.875,0.348112667,1,Infected
13,7/2/24,3,1,MH19,MicG,High,18.25,0.282836131,0,Uninfected
8,7/2/24,3,1,MH2,MicG,High,12,0.555633688,1,Infected
13,7/2/24,3,1,MH20,MicG,High,13.625,0.526385081,1,Infected
13,7/2/24,3,1,MH21,MicG,High,11.375,0.676792061,1,Infected
13,7/2/24,3,1,MH22,MicG,High,13.75,0.518774678,0,Uninfected
14,7/2/24,3,1,MH23,MicG,High,11.25,0.66542308,1,Infected
6,7/2/24,3,1,MH24,MicG,High,15.875,0.593867479,0,Uninfected
7,7/2/24,3,1,MH26,MicG,High,15.5,0.342355876,1,Infected
14,7/2/24,3,1,MH27,MicG,High,10.25,0.742998433,1,Infected
14,7/2/24,3,1,MH28,MicG,High,11.625,0.638098228,1,Infected
14,7/2/24,3,1,MH29,MicG,High,16,0.371905919,0,Uninfected
8,7/2/24,3,1,MH3,MicG,High,16,0.315898627,1,Infected
14,7/2/24,3,1,MH30,MicG,High,13.25,0.529065227,1,Infected
20,7/2/24,3,1,MH31,MicG,High,8.75,1.04396914,0,Uninfected
20,7/2/24,3,1,MH32,MicG,High,16.875,0.49665286,1,Infected
7,7/2/24,3,1,MH33,MicG,High,12.375,0.529990639,1,Infected
7,7/2/24,3,1,MH36,MicG,High,12.375,0.529990639,1,Infected
8,7/2/24,3,1,MH4,MicG,High,13.875,0.43464868,1,Infected
7,7/2/24,3,1,MH41,MicG,High,12.875,0.496983024,1,Infected
7,7/2/24,3,1,MH42,MicG,High,29.625,-0.197459604,NA,NA
20,7/2/24,3,1,MH43,MicG,High,9.875,0.943175298,1,Infected
20,7/2/24,3,1,MH44,MicG,High,25.125,0.164961085,NA,NA
20,7/2/24,3,1,MH45,MicG,High,26.125,0.132436632,NA,NA
19,7/2/24,3,1,MH46,MicG,High,17,0.589788317,1,Infected
19,7/2/24,3,1,MH47,MicG,High,27.125,0.200419593,NA,NA
19,7/2/24,3,1,MH48,MicG,High,15.625,0.660072607,0,Uninfected
19,7/2/24,3,1,MH49,MicG,High,14.5,0.722342229,1,Infected
19,7/2/24,3,1,MH50,MicG,High,22.625,0.351586529,NA,NA
6,7/2/24,3,1,MH6,MicG,High,11.125,0.890159743,1,Infected
8,7/2/24,3,1,MH7,MicG,High,8.5,0.84300076,1,Infected
6,7/2/24,3,1,MH8,MicG,High,14.75,0.655119531,1,Infected
8,7/2/24,3,1,MH9,MicG,High,11.625,0.582090936,1,Infected
12,7/2/24,3,1,ML10,MicG,Low,3.375,0.03030637,1,Infected
12,7/2/24,3,1,ML12,MicG,Low,1.25,0.858016181,NA,NA
4,7/2/24,3,1,ML14,MicG,Low,1.625,0.57762265,0,Uninfected
1,7/2/24,3,1,ML16,MicG,Low,3.25,-0.57762265,0,Uninfected
4,7/2/24,3,1,ML17,MicG,Low,1.25,0.796259538,0,Uninfected
12,7/2/24,3,1,ML19,MicG,Low,2.75,0.200968381,NA,NA
1,7/2/24,3,1,ML20,MicG,Low,-0.5,NA,1,Infected
12,7/2/24,3,1,ML22,MicG,Low,3.375,0.03030637,0,Uninfected
12,7/2/24,3,1,ML24,MicG,Low,3.25,0.061756643,NA,NA
11,7/2/24,3,1,ML25,MicG,Low,3.5,0,0,Uninfected
2,7/2/24,3,1,ML27,MicG,Low,1.875,-0.185952959,NA,NA
15,7/2/24,3,1,ML30,MicG,Low,4.5,-0.410397071,0,Uninfected
15,7/2/24,3,1,ML31,MicG,Low,3.625,-0.230211147,0,Uninfected
15,7/2/24,3,1,ML32,MicG,Low,4.625,-0.433229549,1,Infected
15,7/2/24,3,1,ML33,MicG,Low,2.625,0.03876668,NA,NA
2,7/2/24,3,1,ML34,MicG,Low,2.75,-0.50511317,0,Uninfected
16,7/2/24,3,1,ML35,MicG,Low,3.875,-0.248744157,0,Uninfected
16,7/2/24,3,1,ML36,MicG,Low,4.125,-0.300844455,1,Infected
2,7/2/24,3,1,ML37,MicG,Low,1.75,-0.1284589,0,Uninfected
16,7/2/24,3,1,ML38,MicG,Low,2.875,0,0,Uninfected
1,7/2/24,3,1,ML4,MicG,Low,2.625,-0.399644234,1,Infected
11,7/2/24,3,1,ML40,MicG,Low,2,0.46634649,0,Uninfected
2,7/2/24,3,1,ML42,MicG,Low,1.75,-0.1284589,0,Uninfected
11,7/2/24,3,1,ML44,MicG,Low,1.875,0.520128591,NA,NA
11,7/2/24,3,1,ML46,MicG,Low,2,0.46634649,0,Uninfected
11,7/2/24,3,1,ML47,MicG,Low,0.25,2.199214441,1,Infected
2,7/2/24,3,1,ML48,MicG,Low,-0.375,NA,0,Uninfected
1,7/2/24,3,1,ML5,MicG,Low,-1.125,NA,1,Infected
16,7/2/24,3,1,ML50,MicG,Low,2.5,0.116468285,0,Uninfected
4,7/2/24,3,1,ML6,MicG,Low,1.625,0.57762265,1,Infected
1,7/2/24,3,1,ML7,MicG,Low,1.375,0.139211737,1,Infected
4,7/2/24,3,1,ML8,MicG,Low,2.625,0.177978417,0,Uninfected
4,7/2/24,3,1,ML9,MicG,Low,2.25,0.306437317,1,Infected
5,7/2/24,3,1,MM1,MicG,Medium,3.25,0.173032804,0,Uninfected
10,7/2/24,3,1,MM10,MicG,Medium,2.25,-0.67577518,1,Infected
10,7/2/24,3,1,MM11,MicG,Medium,0.375,0.817357711,1,Infected
17,7/2/24,3,1,MM12,MicG,Medium,2.875,0.163925245,0,Uninfected
3,7/2/24,3,1,MM13,MicG,Medium,3.5,0.37665427,1,Infected
17,7/2/24,3,1,MM16,MicG,Medium,3.5,0,NA,NA
3,7/2/24,3,1,MM19,MicG,Medium,4.25,0.214857591,0,Uninfected
10,7/2/24,3,1,MM2,MicG,Medium,7.375,-1.665079919,0,Uninfected
17,7/2/24,3,1,MM24,MicG,Medium,4.125,-0.136919209,0,Uninfected
3,7/2/24,3,1,MM27,MicG,Medium,4,0.265378109,1,Infected
17,7/2/24,3,1,MM29,MicG,Medium,3.375,0.03030637,0,Uninfected
3,7/2/24,3,1,MM30,MicG,Medium,2.625,0.61638933,1,Infected
18,7/2/24,3,1,MM33,MicG,Medium,5.375,0.056201067,1,Infected
17,7/2/24,3,1,MM35,MicG,Medium,4,-0.111276161,NA,NA
5,7/2/24,3,1,MM37,MicG,Medium,2.5,0.391669691,NA,NA
5,7/2/24,3,1,MM39,MicG,Medium,1.125,1.057092771,0,Uninfected
10,7/2/24,3,1,MM4,MicG,Medium,0,NA,0,Uninfected
5,7/2/24,3,1,MM42,MicG,Medium,4.75,-0.143208547,NA,NA
21,7/2/24,3,1,MM44,MicG,Medium,2.25,0,1,Infected
18,7/2/24,3,1,MM46,MicG,Medium,0,NA,0,Uninfected
18,7/2/24,3,1,MM47,MicG,Medium,2.375,0.736835348,1,Infected
22,7/2/24,3,1,MM48,MicG,Medium,4,-0.141582531,0,Uninfected
5,7/2/24,3,1,MM49,MicG,Medium,1.125,1.057092771,1,Infected
3,7/2/24,3,1,MM5,MicG,Medium,3,0.50511317,1,Infected
22,7/2/24,3,1,MM50,MicG,Medium,4.75,-0.284791078,NA,NA
10,7/2/24,3,1,MM6,MicG,Medium,0.5,0.57762265,0,Uninfected
12,7/9/24,10,2,CH12,Control,High,22.875,0.54748492,NA,Control
12,7/9/24,10,2,CH13,Control,High,30.625,0.304341539,NA,Control
1,7/9/24,10,2,CH14,Control,High,26.5,0.604693863,NA,Control
12,7/9/24,10,2,CH15,Control,High,31.75,0.274278158,NA,Control
12,7/9/24,10,2,CH16,Control,High,25,0.473458909,NA,Control
13,7/9/24,10,2,CH17,Control,High,33.875,0.252702523,NA,Control
13,7/9/24,10,2,CH18,Control,High,31.25,0.319917442,NA,Control
1,7/9/24,10,2,CH19,Control,High,27.875,0.562539282,NA,Control
1,7/9/24,10,2,CH20,Control,High,30.75,0.480739479,NA,Control
2,7/9/24,10,2,CH21,Control,High,29.5,0.431318672,NA,Control
13,7/9/24,10,2,CH22,Control,High,23.625,0.553012361,NA,Control
13,7/9/24,10,2,CH24,Control,High,26.375,0.461253095,NA,Control
16,7/9/24,10,2,CH25,Control,High,26,0.493375886,NA,Control
16,7/9/24,10,2,CH26,Control,High,35.75,0.227997777,NA,Control
16,7/9/24,10,2,CH27,Control,High,39.75,0.139614801,NA,Control
16,7/9/24,10,2,CH28,Control,High,25.75,0.501427479,NA,Control
2,7/9/24,10,2,CH29,Control,High,22.75,0.647839603,NA,Control
13,7/9/24,10,2,CH30,Control,High,26.375,0.461253095,NA,Control
16,7/9/24,10,2,CH31,Control,High,22.625,0.609243427,NA,Control
19,7/9/24,10,2,CH32,Control,High,15.5,0.948280323,NA,Control
19,7/9/24,10,2,CH33,Control,High,24,0.583935484,NA,Control
19,7/9/24,10,2,CH36,Control,High,32.5,0.331280269,NA,Control
19,7/9/24,10,2,CH37,Control,High,27.75,0.462950476,NA,Control
2,7/9/24,10,2,CH39,Control,High,36,0.265378109,NA,Control
2,7/9/24,10,2,CH42,Control,High,31.375,0.379967727,NA,Control
18,7/9/24,10,2,CH43,Control,High,23.375,0.55960393,NA,Control
18,7/9/24,10,2,CH44,Control,High,28.75,0.387128354,NA,Control
18,7/9/24,10,2,CH45,Control,High,24.25,0.528979312,NA,Control
2,7/9/24,10,2,CH49,Control,High,23.125,0.634215322,NA,Control
1,7/9/24,10,2,CH5,Control,High,22.625,0.736434899,NA,Control
18,7/9/24,10,2,CH50,Control,High,26.375,0.458979333,NA,Control
12,7/9/24,10,2,CH6,Control,High,21.875,0.584735069,NA,Control
1,7/9/24,10,2,CH9,Control,High,22.5,0.741051716,NA,Control
7,7/9/24,10,2,CL10,Control,Low,-0.25,NA,NA,Control
6,7/9/24,10,2,CL11,Control,Low,0.125,1.493132891,NA,Control
8,7/9/24,10,2,CL12,Control,Low,3.5,0.276130947,NA,Control
17,7/9/24,10,2,CL15,Control,Low,3.75,-0.05749406,NA,Control
8,7/9/24,10,2,CL17,Control,Low,2.125,0.691956918,NA,Control
6,7/9/24,10,2,CL18,Control,Low,1.625,-0.644324907,NA,Control
8,7/9/24,10,2,CL20,Control,Low,6,-0.173032804,NA,Control
6,7/9/24,10,2,CL21,Control,Low,1.375,-0.50511317,NA,Control
7,7/9/24,10,2,CL22,Control,Low,1.75,0.688898811,NA,Control
7,7/9/24,10,2,CL24,Control,Low,0.125,2.888113252,NA,Control
8,7/9/24,10,2,CL25,Control,Low,5.625,-0.119250703,NA,Control
8,7/9/24,10,2,CL27,Control,Low,1.75,0.853753597,NA,Control
5,7/9/24,10,2,CL30,Control,Low,-1.5,-2.070755541,NA,Control
5,7/9/24,10,2,CL31,Control,Low,-0.375,-0.915510241,NA,Control
7,7/9/24,10,2,CL32,Control,Low,2.125,0.527102132,NA,Control
15,7/9/24,10,2,CL33,Control,Low,5.5,-0.37665427,NA,Control
15,7/9/24,10,2,CL35,Control,Low,4,-0.111276161,NA,Control
5,7/9/24,10,2,CL36,Control,Low,-2.25,-2.408643132,NA,Control
5,7/9/24,10,2,CL37,Control,Low,-1.75,-2.199214441,NA,Control
6,7/9/24,10,2,CL4,Control,Low,1.375,-0.50511317,NA,Control
5,7/9/24,10,2,CL40,Control,Low,-2.625,-2.537102031,NA,Control
17,7/9/24,10,2,CL41,Control,Low,2.75,0.200968381,NA,Control
17,7/9/24,10,2,CL47,Control,Low,4.375,-0.185952959,NA,Control
15,7/9/24,10,2,CL49,Control,Low,5.25,-0.33788759,NA,Control
15,7/9/24,10,2,CL50,Control,Low,6.125,-0.46634649,NA,Control
7,7/9/24,10,2,CL6,Control,Low,0.625,1.546914992,NA,Control
6,7/9/24,10,2,CL8,Control,Low,2.125,-0.867878229,NA,Control
9,7/9/24,10,2,CM10,Control,Medium,5.875,0.270199723,NA,Control
3,7/9/24,10,2,CM11,Control,Medium,7,-0.045883148,NA,Control
9,7/9/24,10,2,CM12,Control,Medium,3.5,0.701818966,NA,Control
9,7/9/24,10,2,CM13,Control,Medium,5.5,0.325164697,NA,Control
11,7/9/24,10,2,CM14,Control,Medium,1.625,0.848807984,NA,Control
11,7/9/24,10,2,CM17,Control,Medium,5.5,-0.16722558,NA,Control
3,7/9/24,10,2,CM18,Control,Medium,6.5,0.015873496,NA,Control
10,7/9/24,10,2,CM19,Control,Medium,2.5,0.712012773,NA,Control
9,7/9/24,10,2,CM2,Control,Medium,6.25,0.218636887,NA,Control
3,7/9/24,10,2,CM20,Control,Medium,3.5,0.531739503,NA,Control
3,7/9/24,10,2,CM21,Control,Medium,4.625,0.299478334,NA,Control
10,7/9/24,10,2,CM22,Control,Medium,3.5,0.431619243,NA,Control
10,7/9/24,10,2,CM24,Control,Medium,1.875,0.951747834,NA,Control
4,7/9/24,10,2,CM25,Control,Medium,4.25,0.07046449,NA,Control
10,7/9/24,10,2,CM28,Control,Medium,2,0.897965733,NA,Control
10,7/9/24,10,2,CM29,Control,Medium,1.75,1.009241893,NA,Control
3,7/9/24,10,2,CM3,Control,Medium,4.375,0.345786543,NA,Control
4,7/9/24,10,2,CM31,Control,Medium,4.125,0.095341959,NA,Control
10,7/9/24,10,2,CM34,Control,Medium,5.625,0.036237593,NA,Control
4,7/9/24,10,2,CM35,Control,Medium,3.5,0.232261169,NA,Control
10,7/9/24,10,2,CM37,Control,Medium,6.375,-0.068065026,NA,Control
11,7/9/24,10,2,CM39,Control,Medium,2.25,0.57762265,NA,Control
4,7/9/24,10,2,CM40,Control,Medium,1.875,0.75238976,NA,Control
14,7/9/24,10,2,CM42,Control,Medium,2.125,0.691956918,NA,Control
14,7/9/24,10,2,CM43,Control,Medium,4.375,0.090177987,NA,Control
14,7/9/24,10,2,CM44,Control,Medium,5.25,-0.061756643,NA,Control
14,7/9/24,10,2,CM45,Control,Medium,2,0.742477437,NA,Control
11,7/9/24,10,2,CM47,Control,Medium,4,0.09815253,NA,Control
4,7/9/24,10,2,CM48,Control,Medium,5.875,-0.199358074,NA,Control
9,7/9/24,10,2,CM5,Control,Medium,5.375,0.344322629,NA,Control
11,7/9/24,10,2,CM50,Control,Medium,3.5,0.20942869,NA,Control
9,7/9/24,10,2,CM6,Control,Medium,4.375,0.515866007,NA,Control
9,7/9/24,10,2,CM7,Control,Medium,6,0.252655216,NA,Control
1,7/9/24,10,2,MH1,MicG,High,37,0.326549547,1,Infected
13,7/9/24,10,2,MH10,MicG,High,29.375,0.371480278,1,Infected
13,7/9/24,10,2,MH11,MicG,High,26.5,0.457312978,1,Infected
13,7/9/24,10,2,MH12,MicG,High,24.5,0.522705991,0,Uninfected
13,7/9/24,10,2,MH13,MicG,High,19,0.734567773,1,Infected
13,7/9/24,10,2,MH14,MicG,High,38.125,0.154208393,1,Infected
1,7/9/24,10,2,MH15,MicG,High,25.125,0.649095002,1,Infected
16,7/9/24,10,2,MH16,MicG,High,36.625,0.207847112,1,Infected
16,7/9/24,10,2,MH19,MicG,High,37.625,0.185399066,0,Uninfected
12,7/9/24,10,2,MH2,MicG,High,24,0.507477237,1,Infected
16,7/9/24,10,2,MH20,MicG,High,26.5,0.477502391,1,Infected
16,7/9/24,10,2,MH21,MicG,High,33.375,0.285283737,1,Infected
16,7/9/24,10,2,MH22,MicG,High,32,0.320343082,0,Uninfected
19,7/9/24,10,2,MH23,MicG,High,36,0.246047894,1,Infected
2,7/9/24,10,2,MH24,MicG,High,24.75,0.57762265,0,Uninfected
1,7/9/24,10,2,MH26,MicG,High,33.5,0.409359942,1,Infected
19,7/9/24,10,2,MH27,MicG,High,20.125,0.73067799,1,Infected
19,7/9/24,10,2,MH28,MicG,High,26.875,0.489649938,1,Infected
19,7/9/24,10,2,MH29,MicG,High,26.25,0.509258685,0,Uninfected
12,7/9/24,10,2,MH3,MicG,High,18.75,0.713193969,1,Infected
19,7/9/24,10,2,MH30,MicG,High,25,0.549917156,1,Infected
18,7/9/24,10,2,MH31,MicG,High,21.5,0.62928238,0,Uninfected
18,7/9/24,10,2,MH32,MicG,High,32.25,0.29139479,1,Infected
2,7/9/24,10,2,MH33,MicG,High,29.75,0.424286281,1,Infected
2,7/9/24,10,2,MH36,MicG,High,29,0.445564033,1,Infected
12,7/9/24,10,2,MH4,MicG,High,24.25,0.498841582,1,Infected
2,7/9/24,10,2,MH41,MicG,High,32.75,0.344224756,1,Infected
2,7/9/24,10,2,MH43,MicG,High,24,0.603265699,1,Infected
18,7/9/24,10,2,MH46,MicG,High,29.375,0.369206516,1,Infected
18,7/9/24,10,2,MH48,MicG,High,32,0.297879907,0,Uninfected
18,7/9/24,10,2,MH49,MicG,High,37.75,0.16017193,1,Infected
1,7/9/24,10,2,MH6,MicG,High,35.25,0.366926533,1,Infected
12,7/9/24,10,2,MH7,MicG,High,24.5,0.490294498,1,Infected
1,7/9/24,10,2,MH8,MicG,High,35.25,0.366926533,1,Infected
12,7/9/24,10,2,MH9,MicG,High,27.75,0.386492229,1,Infected
8,7/9/24,10,2,ML10,MicG,Low,4.75,0.021646239,1,Infected
7,7/9/24,10,2,ML12,MicG,Low,1.625,0.750655454,NA,NA
8,7/9/24,10,2,ML14,MicG,Low,5.125,-0.04167535,0,Uninfected
5,7/9/24,10,2,ML16,MicG,Low,-1.25,-1.918820911,0,Uninfected
6,7/9/24,10,2,ML17,MicG,Low,4.5,-1.493132891,0,Uninfected
6,7/9/24,10,2,ML20,MicG,Low,1.75,-0.70608155,1,Infected
7,7/9/24,10,2,ML22,MicG,Low,0.625,1.546914992,0,Uninfected
6,7/9/24,10,2,ML25,MicG,Low,0.375,0.57762265,0,Uninfected
7,7/9/24,10,2,ML30,MicG,Low,1.875,0.631404751,0,Uninfected
6,7/9/24,10,2,ML31,MicG,Low,0.25,0.915510241,0,Uninfected
8,7/9/24,10,2,ML32,MicG,Low,4.5,0.066702256,1,Infected
6,7/9/24,10,2,ML34,MicG,Low,3,-1.155245301,0,Uninfected
8,7/9/24,10,2,ML35,MicG,Low,2.5,0.556524477,0,Uninfected
7,7/9/24,10,2,ML36,MicG,Low,0.875,1.266521461,1,Infected
5,7/9/24,10,2,ML37,MicG,Low,-1,-1.732867951,0,Uninfected
17,7/9/24,10,2,ML38,MicG,Low,3.75,-0.05749406,0,Uninfected
5,7/9/24,10,2,ML4,MicG,Low,-1.5,-2.070755541,1,Infected
17,7/9/24,10,2,ML40,MicG,Low,2.25,0.36819396,0,Uninfected
17,7/9/24,10,2,ML46,MicG,Low,3.125,0.094440571,0,Uninfected
15,7/9/24,10,2,ML47,MicG,Low,5.5,-0.37665427,1,Infected
5,7/9/24,10,2,ML5,MicG,Low,-1.5,-2.070755541,1,Infected
15,7/9/24,10,2,ML50,MicG,Low,5.875,-0.431619243,0,Uninfected
8,7/9/24,10,2,ML6,MicG,Low,3.875,0.191312035,1,Infected
5,7/9/24,10,2,ML7,MicG,Low,-2.25,-2.408643132,0,Uninfected
7,7/9/24,10,2,ML9,MicG,Low,1.875,0.631404751,1,Infected
3,7/9/24,10,2,MM1,MicG,Medium,5,0.234510383,0,Uninfected
9,7/9/24,10,2,MM10,MicG,Medium,6.5,0.185952959,1,Infected
10,7/9/24,10,2,MM11,MicG,Medium,3.75,0.374125183,1,Infected
10,7/9/24,10,2,MM12,MicG,Medium,5.25,0.093731653,0,Uninfected
3,7/9/24,10,2,MM13,MicG,Medium,4.25,0.369942824,1,Infected
3,7/9/24,10,2,MM19,MicG,Medium,5.5,0.155085233,0,Uninfected
10,7/9/24,10,2,MM24,MicG,Medium,3,0.560078143,0,Uninfected
3,7/9/24,10,2,MM27,MicG,Medium,5.125,0.213933206,1,Infected
9,7/9/24,10,2,MM2,MicG,Medium,7.75,0.039377404,1,Infected
11,7/9/24,10,2,MM29,MicG,Medium,2.375,0.532566633,0,Uninfected
4,7/9/24,10,2,MM30,MicG,Medium,4.5,0.022832478,1,Infected
4,7/9/24,10,2,MM33,MicG,Medium,4.75,-0.022223539,1,Infected
4,7/9/24,10,2,MM39,MicG,Medium,4.5,0.022832478,0,Uninfected
11,7/9/24,10,2,MM44,MicG,Medium,2.25,0.57762265,1,Infected
4,7/9/24,10,2,MM46,MicG,Medium,2.625,0.471996229,0,Uninfected
14,7/9/24,10,2,MM47,MicG,Medium,3.625,0.24688818,1,Infected
14,7/9/24,10,2,MM48,MicG,Medium,9.25,-0.533752873,0,Uninfected
4,7/9/24,10,2,MM49,MicG,Medium,0.375,2.09358802,1,Infected
3,7/9/24,10,2,MM5,MicG,Medium,6,0.082575752,1,Infected
9,7/9/24,10,2,MM6,MicG,Medium,7.375,0.080708188,0,Uninfected
14,7/16/24,17,3,CH12,Control,High,20.75,0.808525935,NA,Control
1,7/16/24,17,3,CH13,Control,High,48,0.068703058,NA,Control
13,7/16/24,17,3,CH15,Control,High,31.125,0.531170998,NA,Control
13,7/16/24,17,3,CH16,Control,High,38.875,0.345887652,NA,Control
13,7/16/24,17,3,CH17,Control,High,30.125,0.5583843,NA,Control
16,7/16/24,17,3,CH18,Control,High,22.125,0.899666924,NA,Control
1,7/16/24,17,3,CH19,Control,High,18.25,0.874566333,NA,Control
1,7/16/24,17,3,CH20,Control,High,19.375,0.824717587,NA,Control
2,7/16/24,17,3,CH21,Control,High,29.375,0.602082827,NA,Control
14,7/16/24,17,3,CH22,Control,High,31.625,0.457357851,NA,Control
13,7/16/24,17,3,CH24,Control,High,35.75,0.415721903,NA,Control
15,7/16/24,17,3,CH25,Control,High,46.375,0.079220926,NA,Control
16,7/16/24,17,3,CH26,Control,High,21.375,0.928405404,NA,Control
16,7/16/24,17,3,CH27,Control,High,25.875,0.769192707,NA,Control
3,7/16/24,17,3,CH28,Control,High,22.875,0.850829412,NA,Control
2,7/16/24,17,3,CH29,Control,High,22.625,0.819656563,NA,Control
14,7/16/24,17,3,CH30,Control,High,33.375,0.41247521,NA,Control
13,7/16/24,17,3,CH31,Control,High,19.125,0.937016811,NA,Control
3,7/16/24,17,3,CH32,Control,High,19.125,1.000036272,NA,Control
14,7/16/24,17,3,CH33,Control,High,20.125,0.834012121,NA,Control
3,7/16/24,17,3,CH36,Control,High,19.625,0.978529702,NA,Control
16,7/16/24,17,3,CH37,Control,High,31.125,0.615247621,NA,Control
2,7/16/24,17,3,CH39,Control,High,33.375,0.495696874,NA,Control
2,7/16/24,17,3,CH42,Control,High,28.275,0.633887786,NA,Control
3,7/16/24,17,3,CH43,Control,High,15.25,1.188717002,NA,Control
3,7/16/24,17,3,CH44,Control,High,32.625,0.554967534,NA,Control
14,7/16/24,17,3,CH45,Control,High,34,0.397014037,NA,Control
2,7/16/24,17,3,CH49,Control,High,17.375,1.039675811,NA,Control
1,7/16/24,17,3,CH5,Control,High,22.25,0.709418893,NA,Control
16,7/16/24,17,3,CH50,Control,High,16.875,1.125396053,NA,Control
15,7/16/24,17,3,CH6,Control,High,17.5,0.89135396,NA,Control
1,7/16/24,17,3,CH9,Control,High,23.25,0.672782957,NA,Control
8,7/16/24,17,3,CL11,Control,Low,0.5,1.34119826,NA,Control
11,7/16/24,17,3,CL12,Control,Low,3.375,-0.064134201,NA,Control
11,7/16/24,17,3,CL17,Control,Low,2.75,0.10652781,NA,Control
8,7/16/24,17,3,CL18,Control,Low,1,0.76357561,NA,Control
8,7/16/24,17,3,CL21,Control,Low,-0.25,NA,NA,Control
11,7/16/24,17,3,CL24,Control,Low,3.125,0,NA,Control
11,7/16/24,17,3,CL27,Control,Low,3.375,-0.064134201,NA,Control
8,7/16/24,17,3,CL30,Control,Low,1.75,0.29722912,NA,Control
9,7/16/24,17,3,CL31,Control,Low,1.625,0.358985763,NA,Control
11,7/16/24,17,3,CL32,Control,Low,4.5,-0.303869261,NA,Control
12,7/16/24,17,3,CL33,Control,Low,2.625,-0.1284589,NA,Control
9,7/16/24,17,3,CL35,Control,Low,2,0.185952959,NA,Control
9,7/16/24,17,3,CL36,Control,Low,2,0.185952959,NA,Control
9,7/16/24,17,3,CL37,Control,Low,1.75,0.29722912,NA,Control
9,7/16/24,17,3,CL40,Control,Low,2.375,0.042744412,NA,Control
12,7/16/24,17,3,CL41,Control,Low,1.625,0.271185334,NA,Control
11,7/16/24,17,3,CL50,Control,Low,1.75,0.483182079,NA,Control
8,7/16/24,17,3,CL8,Control,Low,1.375,0.498197501,NA,Control
7,7/16/24,17,3,CM10,Control,Medium,7.25,0.191680359,NA,Control
5,7/16/24,17,3,CM12,Control,Medium,8.375,-0.149450774,NA,Control
4,7/16/24,17,3,CM13,Control,Medium,4.125,0.200968381,NA,Control
5,7/16/24,17,3,CM14,Control,Medium,4,0.46634649,NA,Control
7,7/16/24,17,3,CM17,Control,Medium,5.375,0.441049438,NA,Control
5,7/16/24,17,3,CM19,Control,Medium,6.25,0.094440571,NA,Control
5,7/16/24,17,3,CM2,Control,Medium,4.625,0.345361482,NA,Control
4,7/16/24,17,3,CM20,Control,Medium,3,0.46634649,NA,Control
4,7/16/24,17,3,CM21,Control,Medium,6.125,-0.1284589,NA,Control
4,7/16/24,17,3,CM24,Control,Medium,2.75,0.538855971,NA,Control
6,7/16/24,17,3,CM25,Control,Medium,6.125,0.033337779,NA,Control
4,7/16/24,17,3,CM28,Control,Medium,7.25,-0.268977827,NA,Control
5,7/16/24,17,3,CM29,Control,Medium,4.25,0.415825972,NA,Control
4,7/16/24,17,3,CM3,Control,Medium,2.875,0.501812835,NA,Control
6,7/16/24,17,3,CM34,Control,Medium,2.5,0.780077799,NA,Control
7,7/16/24,17,3,CM37,Control,Medium,5,0.501316656,NA,Control
4,7/16/24,17,3,CM38,Control,Medium,3.5,0.33788759,NA,Control
7,7/16/24,17,3,CM39,Control,Medium,3.75,0.741051716,NA,Control
6,7/16/24,17,3,CM40,Control,Medium,1.875,1.01981286,NA,Control
6,7/16/24,17,3,CM42,Control,Medium,2.125,0.915510241,NA,Control
7,7/16/24,17,3,CM44,Control,Medium,10.625,-0.126826513,NA,Control
6,7/16/24,17,3,CM45,Control,Medium,1.75,1.077306919,NA,Control
6,7/16/24,17,3,CM47,Control,Medium,4.75,0.245199561,NA,Control
6,7/16/24,17,3,CM5,Control,Medium,2.25,0.867878229,NA,Control
5,7/16/24,17,3,CM6,Control,Medium,6.625,0.045883148,NA,Control
5,7/16/24,17,3,CM7,Control,Medium,4.125,0.440703441,NA,Control
1,7/16/24,17,3,MH1,MicG,High,41.875,0.182463075,1,Infected
14,7/16/24,17,3,MH10,MicG,High,38.125,0.301589278,1,Infected
15,7/16/24,17,3,MH11,MicG,High,39.875,0.205063393,1,Infected
3,7/16/24,17,3,MH12,MicG,High,29.25,0.645966944,0,Uninfected
14,7/16/24,17,3,MH13,MicG,High,25.75,0.628618951,1,Infected
13,7/16/24,17,3,MH14,MicG,High,24.625,0.726378638,1,Infected
1,7/16/24,17,3,MH15,MicG,High,45.625,0.110990724,1,Infected
13,7/16/24,17,3,MH16,MicG,High,40.25,0.316922124,1,Infected
16,7/16/24,17,3,MH19,MicG,High,34,0.541623313,0,Uninfected
15,7/16/24,17,3,MH2,MicG,High,43,0.142187931,1,Infected
13,7/16/24,17,3,MH20,MicG,High,47.625,0.176715599,1,Infected
13,7/16/24,17,3,MH21,MicG,High,39.375,0.335237879,1,Infected
16,7/16/24,17,3,MH22,MicG,High,52.75,0.175620606,0,Uninfected
3,7/16/24,17,3,MH23,MicG,High,47.25,0.24632271,1,Infected
1,7/16/24,17,3,MH24,MicG,High,28.125,0.51415485,0,Uninfected
2,7/16/24,17,3,MH26,MicG,High,47,0.210413136,1,Infected
15,7/16/24,17,3,MH27,MicG,High,32.5,0.375487953,1,Infected
3,7/16/24,17,3,MH28,MicG,High,41.875,0.346959096,1,Infected
16,7/16/24,17,3,MH29,MicG,High,31.625,0.601967128,0,Uninfected
16,7/16/24,17,3,MH3,MicG,High,25.375,0.785453386,1,Infected
13,7/16/24,17,3,MH30,MicG,High,47.875,0.172352587,1,Infected
3,7/16/24,17,3,MH31,MicG,High,17.25,1.086023135,0,Uninfected
16,7/16/24,17,3,MH32,MicG,High,35.125,0.514496144,1,Infected
2,7/16/24,17,3,MH33,MicG,High,47.125,0.208199766,1,Infected
2,7/16/24,17,3,MH36,MicG,High,38,0.387547671,1,Infected
15,7/16/24,17,3,MH4,MicG,High,43.75,0.12777835,1,Infected
2,7/16/24,17,3,MH41,MicG,High,37.875,0.390293418,1,Infected
2,7/16/24,17,3,MH43,MicG,High,43.5,0.274902022,1,Infected
14,7/16/24,17,3,MH46,MicG,High,42.125,0.21844665,1,Infected
14,7/16/24,17,3,MH48,MicG,High,26.75,0.596869079,0,Uninfected
14,7/16/24,17,3,MH49,MicG,High,37.75,0.309826578,1,Infected
1,7/16/24,17,3,MH6,MicG,High,33.25,0.374658261,1,Infected
15,7/16/24,17,3,MH7,MicG,High,34.5,0.325721924,1,Infected
1,7/16/24,17,3,MH8,MicG,High,33.25,0.374658261,1,Infected
3,7/16/24,17,3,MH9,MicG,High,28.5,0.667613182,1,Infected
8,7/16/24,17,3,ML16,MicG,Low,0.875,0.87485177,0,Uninfected
8,7/16/24,17,3,ML20,MicG,Low,1.625,0.358985763,1,Infected
11,7/16/24,17,3,ML22,MicG,Low,3.5,-0.094440571,0,Uninfected
9,7/16/24,17,3,ML25,MicG,Low,1.625,0.358985763,0,Uninfected
11,7/16/24,17,3,ML30,MicG,Low,2.25,0.273753389,0,Uninfected
9,7/16/24,17,3,ML31,MicG,Low,2.625,-0.04065847,0,Uninfected
9,7/16/24,17,3,ML34,MicG,Low,1.625,0.358985763,0,Uninfected
9,7/16/24,17,3,ML37,MicG,Low,0.875,0.87485177,0,Uninfected
8,7/16/24,17,3,ML4,MicG,Low,1,0.76357561,1,Infected
12,7/16/24,17,3,ML40,MicG,Low,2,0.09815253,0,Uninfected
12,7/16/24,17,3,ML46,MicG,Low,0.875,0.787051341,0,Uninfected
8,7/16/24,17,3,ML5,MicG,Low,0.75,1.00331067,1,Infected
11,7/16/24,17,3,ML50,MicG,Low,1.875,0.42568802,0,Uninfected
9,7/16/24,17,3,ML6,MicG,Low,3.125,-0.185952959,1,Infected
8,7/16/24,17,3,ML7,MicG,Low,1.25,0.57762265,0,Uninfected
7,7/16/24,17,3,MM1,MicG,Medium,8.375,0.071472351,0,Uninfected
6,7/16/24,17,3,MM11,MicG,Medium,5.875,0.068065026,1,Infected
5,7/16/24,17,3,MM13,MicG,Medium,2.25,0.945816611,1,Infected
6,7/16/24,17,3,MM19,MicG,Medium,5.75,0.085986864,0,Uninfected
4,7/16/24,17,3,MM2,MicG,Medium,4.5,0.1284589,0,Uninfected
7,7/16/24,17,3,MM27,MicG,Medium,8.875,0.023149637,1,Infected
4,7/16/24,17,3,MM29,MicG,Medium,0.75,1.621591791,0,Uninfected
5,7/16/24,17,3,MM33,MicG,Medium,4,0.46634649,1,Infected
7,7/16/24,17,3,MM39,MicG,Medium,6.875,0.235938547,0,Uninfected
7,7/16/24,17,3,MM44,MicG,Medium,7.625,0.149654647,1,Infected
5,7/16/24,17,3,MM46,MicG,Medium,4.625,0.345361482,0,Uninfected
7,7/16/24,17,3,MM47,MicG,Medium,8.5,0.059126447,1,Infected
4,7/16/24,17,3,MM5,MicG,Medium,6,-0.111276161,1,Infected
6,7/16/24,17,3,MM6,MicG,Medium,5.25,0.161796679,0,Uninfected
6,7/23/24,24,4,CH12,Control,High,19.625,0.939919238,NA,Control
6,7/23/24,24,4,CH13,Control,High,24.5,0.755028526,NA,Control
7,7/23/24,24,4,CH15,Control,High,20,0.769802289,NA,Control
11,7/23/24,24,4,CH16,Control,High,19.625,0.831827951,NA,Control
7,7/23/24,24,4,CH17,Control,High,20.75,0.739123978,NA,Control
3,7/23/24,24,4,CH18,Control,High,17.25,0.89099867,NA,Control
1,7/23/24,24,4,CH19,Control,High,16.75,0.990779106,NA,Control
2,7/23/24,24,4,CH20,Control,High,27.375,0.638155303,NA,Control
2,7/23/24,24,4,CH21,Control,High,12.375,1.29978187,NA,Control
7,7/23/24,24,4,CH22,Control,High,18.625,0.829158547,NA,Control
6,7/23/24,24,4,CH24,Control,High,28,0.643752366,NA,Control
11,7/23/24,24,4,CH25,Control,High,17.125,0.945382017,NA,Control
7,7/23/24,24,4,CH26,Control,High,18.125,0.851835683,NA,Control
7,7/23/24,24,4,CH27,Control,High,16.125,0.949270131,NA,Control
2,7/23/24,24,4,CH28,Control,High,16.75,1.047515245,NA,Control
2,7/23/24,24,4,CH29,Control,High,11.75,1.342969426,NA,Control
12,7/23/24,24,4,CH30,Control,High,28.75,0.59376955,NA,Control
6,7/23/24,24,4,CH31,Control,High,16,1.110098856,NA,Control
3,7/23/24,24,4,CH32,Control,High,18.625,0.827088152,NA,Control
6,7/23/24,24,4,CH33,Control,High,17.75,1.023601528,NA,Control
3,7/23/24,24,4,CH36,Control,High,17.5,0.879008055,NA,Control
12,7/23/24,24,4,CH37,Control,High,16.125,1.075658637,NA,Control
1,7/23/24,24,4,CH39,Control,High,12.375,1.243045731,NA,Control
1,7/23/24,24,4,CH42,Control,High,23.625,0.70418976,NA,Control
3,7/23/24,24,4,CH43,Control,High,19.375,0.794189143,NA,Control
3,7/23/24,24,4,CH44,Control,High,20.75,0.737053584,NA,Control
12,7/23/24,24,4,CH45,Control,High,21.5,0.835923576,NA,Control
2,7/23/24,24,4,CH49,Control,High,18.625,0.959093157,NA,Control
1,7/23/24,24,4,CH5,Control,High,16.125,1.022468602,NA,Control
12,7/23/24,24,4,CH50,Control,High,13.875,1.200893806,NA,Control
11,7/23/24,24,4,CH6,Control,High,18.375,0.8866723,NA,Control
1,7/23/24,24,4,CH9,Control,High,18.5,0.907968711,NA,Control
9,7/23/24,24,4,CL10,Control,Low,1,0.57762265,NA,Control
8,7/23/24,24,4,CL11,Control,Low,1.125,0.529990639,NA,Control
10,7/23/24,24,4,CL12,Control,Low,4.875,-0.021646239,NA,Control
9,7/23/24,24,4,CL15,Control,Low,-0.125,NA,NA,Control
9,7/23/24,24,4,CL17,Control,Low,2.875,-0.302421245,NA,Control
8,7/23/24,24,4,CL18,Control,Low,0.25,1.78338847,NA,Control
9,7/23/24,24,4,CL20,Control,Low,0.375,1.394980361,NA,Control
8,7/23/24,24,4,CL21,Control,Low,0.875,0.739419329,NA,Control
9,7/23/24,24,4,CL27,Control,Low,0.75,0.817357711,NA,Control
8,7/23/24,24,4,CL30,Control,Low,1,0.628143169,NA,Control
8,7/23/24,24,4,CL31,Control,Low,-0.5,NA,NA,Control
10,7/23/24,24,4,CL35,Control,Low,4.75,0,NA,Control
8,7/23/24,24,4,CL36,Control,Low,1.875,0.104302619,NA,Control
8,7/23/24,24,4,CL37,Control,Low,0,NA,NA,Control
10,7/23/24,24,4,CL37,Control,Low,3.5,0.254484708,NA,Control
8,7/23/24,24,4,CL40,Control,Low,1,0.628143169,NA,Control
9,7/23/24,24,4,CL41,Control,Low,0.875,0.688898811,NA,Control
9,7/23/24,24,4,CL47,Control,Low,0.25,1.732867951,NA,Control
9,7/23/24,24,4,CL50,Control,Low,1.125,0.479470121,NA,Control
10,7/23/24,24,4,CL6,Control,Low,1.625,0.893864002,NA,Control
8,7/23/24,24,4,CL8,Control,Low,1.75,0.161796679,NA,Control
5,7/23/24,24,4,CM14,Control,Medium,1.625,0.977266884,NA,Control
5,7/23/24,24,4,CM17,Control,Medium,2.375,0.661025533,NA,Control
4,7/23/24,24,4,CM20,Control,Medium,5.25,0.268977827,NA,Control
4,7/23/24,24,4,CM24,Control,Medium,1.375,1.385456448,NA,Control
4,7/23/24,24,4,CM3,Control,Medium,2.5,0.887258947,NA,Control
4,7/23/24,24,4,CM34,Control,Medium,4.5,0.397436727,NA,Control
5,7/23/24,24,4,CM37,Control,Medium,4.25,0.176090911,NA,Control
4,7/23/24,24,4,CM38,Control,Medium,3.625,0.57762265,NA,Control
5,7/23/24,24,4,CM39,Control,Medium,1.5,1.04396914,NA,Control
4,7/23/24,24,4,CM40,Control,Medium,3.875,0.522046505,NA,Control
5,7/23/24,24,4,CM42,Control,Medium,3.625,0.308644824,NA,Control
4,7/23/24,24,4,CM45,Control,Medium,2.5,0.887258947,NA,Control
5,7/23/24,24,4,CM5,Control,Medium,2.625,0.57762265,NA,Control
4,7/23/24,24,4,CM7,Control,Medium,3.375,0.637171787,NA,Control
1,7/23/24,24,4,MH1,MicG,High,37.625,0.316387052,1,Infected
7,7/23/24,24,4,MH10,MicG,High,41.5,0.161501328,1,Infected
11,7/23/24,24,4,MH11,MicG,High,26.375,0.585484344,1,Infected
7,7/23/24,24,4,MH12,MicG,High,21,0.729143819,0,Uninfected
7,7/23/24,24,4,MH13,MicG,High,38.875,0.215953041,1,Infected
12,7/23/24,24,4,MH14,MicG,High,47,0.184178021,1,Infected
1,7/23/24,24,4,MH15,MicG,High,34.25,0.394705517,1,Infected
7,7/23/24,24,4,MH16,MicG,High,33.625,0.336854319,1,Infected
11,7/23/24,24,4,MH19,MicG,High,26.375,0.585484344,0,Uninfected
3,7/23/24,24,4,MH2,MicG,High,36,0.277909674,1,Infected
11,7/23/24,24,4,MH20,MicG,High,44.5,0.149590513,1,Infected
12,7/23/24,24,4,MH21,MicG,High,32.125,0.501272236,1,Infected
6,7/23/24,24,4,MH23,MicG,High,28.375,0.632665728,1,Infected
2,7/23/24,24,4,MH24,MicG,High,23.75,0.756528352,0,Uninfected
1,7/23/24,24,4,MH26,MicG,High,41.25,0.23973506,1,Infected
3,7/23/24,24,4,MH27,MicG,High,31.25,0.395825976,1,Infected
6,7/23/24,24,4,MH28,MicG,High,31.375,0.548913293,1,Infected
11,7/23/24,24,4,MH29,MicG,High,17,0.95148705,0,Uninfected
11,7/23/24,24,4,MH3,MicG,High,34.75,0.35568186,1,Infected
6,7/23/24,24,4,MH30,MicG,High,45.25,0.243753899,1,Infected
6,7/23/24,24,4,MH31,MicG,High,16.625,1.078166469,0,Uninfected
3,7/23/24,24,4,MH32,MicG,High,36.875,0.257897277,1,Infected
2,7/23/24,24,4,MH33,MicG,High,37.75,0.370359231,1,Infected
7,7/23/24,24,4,MH36,MicG,High,41.125,0.169065676,1,Infected
3,7/23/24,24,4,MH4,MicG,High,33.625,0.334783924,1,Infected
2,7/23/24,24,4,MH41,MicG,High,34.375,0.44840583,1,Infected
2,7/23/24,24,4,MH43,MicG,High,32.75,0.488761325,1,Infected
2,7/23/24,24,4,MH46,MicG,High,32.875,0.485586718,1,Infected
12,7/23/24,24,4,MH48,MicG,High,19.625,0.911964136,0,Uninfected
12,7/23/24,24,4,MH49,MicG,High,34.125,0.450942478,1,Infected
1,7/23/24,24,4,MH6,MicG,High,38,0.308122521,1,Infected
3,7/23/24,24,4,MH7,MicG,High,36.75,0.260726934,1,Infected
1,7/23/24,24,4,MH8,MicG,High,32.75,0.432025186,1,Infected
6,7/23/24,24,4,MH9,MicG,High,53.625,0.10224331,1,Infected
9,7/23/24,24,4,ML16,MicG,Low,-0.5,NA,0,Uninfected
8,7/23/24,24,4,ML30,MicG,Low,0.25,1.78338847,0,Uninfected
10,7/23/24,24,4,ML34,MicG,Low,3.375,0.284791078,0,Uninfected
9,7/23/24,24,4,ML50,MicG,Low,1.625,0.173032804,0,Uninfected
10,7/23/24,24,4,ML9,MicG,Low,3.875,0.169665796,1,Infected
4,7/23/24,24,4,MM1,MicG,Medium,5.75,0.193168012,0,Uninfected
5,7/23/24,24,4,MM29,MicG,Medium,3.25,0.399644234,0,Uninfected
5,7/23/24,24,4,MM39,MicG,Medium,2.375,0.661025533,0,Uninfected
4,7/23/24,24,4,MM6,MicG,Medium,4.125,0.469946208,0,Uninfected